{"Epoch": 199, "_timestamp": 1693239913.2385783, "_runtime": 4908.934902429581, "_step": 1399, "validation top1 avg": 53.61, "many avg": 76.94285714285714, "med avg": 54.61764705882352, "few avg": 26.161290322580644, "best avg": 53.9, "class0_acc": 0.9, "class1_acc": 0.93, "class2_acc": 0.73, "class3_acc": 0.71, "class4_acc": 0.79, "class5_acc": 0.92, "class6_acc": 0.86, "class7_acc": 0.83, "class8_acc": 0.95, "class9_acc": 0.88, "class10_acc": 0.59, "class11_acc": 0.55, "class12_acc": 0.85, "class13_acc": 0.79, "class14_acc": 0.82, "class15_acc": 0.84, "class16_acc": 0.77, "class17_acc": 0.91, "class18_acc": 0.65, "class19_acc": 0.62, "class20_acc": 0.88, "class21_acc": 0.85, "class22_acc": 0.81, "class23_acc": 0.88, "class24_acc": 0.87, "class25_acc": 0.57, "class26_acc": 0.77, "class27_acc": 0.57, "class28_acc": 0.8, "class29_acc": 0.75, "class30_acc": 0.83, "class31_acc": 0.59, "class32_acc": 0.6, "class33_acc": 0.64, "class34_acc": 0.63, "class35_acc": 0.4, "class36_acc": 0.69, "class37_acc": 0.61, "class38_acc": 0.51, "class39_acc": 0.9, "class40_acc": 0.51, "class41_acc": 0.81, "class42_acc": 0.7, "class43_acc": 0.61, "class44_acc": 0.32, "class45_acc": 0.46, "class46_acc": 0.45, "class47_acc": 0.68, "class48_acc": 0.87, "class49_acc": 0.76, "class50_acc": 0.36, "class51_acc": 0.42, "class52_acc": 0.71, "class53_acc": 0.85, "class54_acc": 0.6, "class55_acc": 0.27, "class56_acc": 0.75, "class57_acc": 0.58, "class58_acc": 0.61, "class59_acc": 0.44, "class60_acc": 0.64, "class61_acc": 0.54, "class62_acc": 0.3, "class63_acc": 0.37, "class64_acc": 0.25, "class65_acc": 0.19, "class66_acc": 0.33, "class67_acc": 0.27, "class68_acc": 0.81, "class69_acc": 0.61, "class70_acc": 0.5, "class71_acc": 0.59, "class72_acc": 0.06, "class73_acc": 0.21, "class74_acc": 0.16, "class75_acc": 0.51, "class76_acc": 0.73, "class77_acc": 0.11, "class78_acc": 0.4, "class79_acc": 0.29, "class80_acc": 0.01, "class81_acc": 0.22, "class82_acc": 0.7, "class83_acc": 0.33, "class84_acc": 0.17, "class85_acc": 0.24, "class86_acc": 0.37, "class87_acc": 0.42, "class88_acc": 0.34, "class89_acc": 0.11, "class90_acc": 0.11, "class91_acc": 0.24, "class92_acc": 0.06, "class93_acc": 0.04, "class94_acc": 0.37, "class95_acc": 0.08, "class96_acc": 0.01, "class97_acc": 0.0, "class98_acc": 0.01, "class99_acc": 0.11, "_wandb": {"runtime": 4908}}