{"Epoch": 104, "_timestamp": 1693270283.2298455, "_runtime": 3685.885185480118, "_step": 734, "validation top1 avg": 81.63, "many avg": 81.46249999999999, "med avg": 82.3, "few avg": 0.0, "best avg": 83.72, "class0_acc": 0.829, "class1_acc": 0.959, "class2_acc": 0.875, "class3_acc": 0.606, "class4_acc": 0.865, "class5_acc": 0.582, "class6_acc": 0.939, "class7_acc": 0.862, "class8_acc": 0.768, "class9_acc": 0.878}