{"Epoch": 83, "_timestamp": 1693269550.5699804, "_runtime": 2953.225320339203, "_step": 587, "validation top1 avg": 78.01, "many avg": 77.85000000000001, "med avg": 78.64999999999999, "few avg": 0.0, "best avg": 81.31, "class0_acc": 0.812, "class1_acc": 0.928, "class2_acc": 0.849, "class3_acc": 0.398, "class4_acc": 0.777, "class5_acc": 0.756, "class6_acc": 0.889, "class7_acc": 0.819, "class8_acc": 0.8, "class9_acc": 0.773}