{"Epoch": 199, "_timestamp": 1693237696.3169801, "_runtime": 5649.285105228424, "_step": 1399, "validation top1 avg": 89.15, "many avg": 90.1625, "med avg": 85.1, "few avg": 0.0, "best avg": 89.35, "class0_acc": 0.922, "class1_acc": 0.979, "class2_acc": 0.892, "class3_acc": 0.836, "class4_acc": 0.947, "class5_acc": 0.76, "class6_acc": 0.966, "class7_acc": 0.911, "class8_acc": 0.855, "class9_acc": 0.847, "_wandb": {"runtime": 5648}}