{"Epoch": 199, "_timestamp": 1693233313.396307, "_runtime": 4927.040829896927, "_step": 1399, "validation top1 avg": 55.3, "many avg": 75.74285714285713, "med avg": 56.23529411764706, "few avg": 31.193548387096776, "best avg": 55.4, "class0_acc": 0.89, "class1_acc": 0.9, "class2_acc": 0.69, "class3_acc": 0.74, "class4_acc": 0.65, "class5_acc": 0.89, "class6_acc": 0.82, "class7_acc": 0.8, "class8_acc": 0.92, "class9_acc": 0.85, "class10_acc": 0.56, "class11_acc": 0.55, "class12_acc": 0.86, "class13_acc": 0.75, "class14_acc": 0.8, "class15_acc": 0.79, "class16_acc": 0.79, "class17_acc": 0.87, "class18_acc": 0.64, "class19_acc": 0.68, "class20_acc": 0.89, "class21_acc": 0.86, "class22_acc": 0.82, "class23_acc": 0.8, "class24_acc": 0.86, "class25_acc": 0.56, "class26_acc": 0.75, "class27_acc": 0.56, "class28_acc": 0.83, "class29_acc": 0.73, "class30_acc": 0.78, "class31_acc": 0.64, "class32_acc": 0.61, "class33_acc": 0.64, "class34_acc": 0.74, "class35_acc": 0.4, "class36_acc": 0.72, "class37_acc": 0.67, "class38_acc": 0.42, "class39_acc": 0.88, "class40_acc": 0.53, "class41_acc": 0.85, "class42_acc": 0.75, "class43_acc": 0.6, "class44_acc": 0.34, "class45_acc": 0.39, "class46_acc": 0.47, "class47_acc": 0.64, "class48_acc": 0.9, "class49_acc": 0.87, "class50_acc": 0.34, "class51_acc": 0.46, "class52_acc": 0.62, "class53_acc": 0.85, "class54_acc": 0.63, "class55_acc": 0.21, "class56_acc": 0.84, "class57_acc": 0.59, "class58_acc": 0.68, "class59_acc": 0.42, "class60_acc": 0.69, "class61_acc": 0.61, "class62_acc": 0.35, "class63_acc": 0.5, "class64_acc": 0.28, "class65_acc": 0.16, "class66_acc": 0.44, "class67_acc": 0.3, "class68_acc": 0.72, "class69_acc": 0.6, "class70_acc": 0.51, "class71_acc": 0.59, "class72_acc": 0.05, "class73_acc": 0.09, "class74_acc": 0.24, "class75_acc": 0.56, "class76_acc": 0.67, "class77_acc": 0.13, "class78_acc": 0.45, "class79_acc": 0.34, "class80_acc": 0.04, "class81_acc": 0.35, "class82_acc": 0.81, "class83_acc": 0.36, "class84_acc": 0.17, "class85_acc": 0.4, "class86_acc": 0.47, "class87_acc": 0.48, "class88_acc": 0.43, "class89_acc": 0.18, "class90_acc": 0.24, "class91_acc": 0.34, "class92_acc": 0.05, "class93_acc": 0.1, "class94_acc": 0.41, "class95_acc": 0.23, "class96_acc": 0.02, "class97_acc": 0.08, "class98_acc": 0.04, "class99_acc": 0.24, "_wandb": {"runtime": 4926}}