{"Epoch": 115, "_timestamp": 1693270288.7301028, "_runtime": 3624.774035692215, "_step": 811, "validation top1 avg": 48.85, "many avg": 63.285714285714285, "med avg": 47.058823529411754, "few avg": 34.516129032258064, "best avg": 49.28, "class0_acc": 0.77, "class1_acc": 0.88, "class2_acc": 0.7, "class3_acc": 0.58, "class4_acc": 0.62, "class5_acc": 0.81, "class6_acc": 0.77, "class7_acc": 0.6, "class8_acc": 0.77, "class9_acc": 0.73, "class10_acc": 0.52, "class11_acc": 0.47, "class12_acc": 0.77, "class13_acc": 0.56, "class14_acc": 0.52, "class15_acc": 0.66, "class16_acc": 0.78, "class17_acc": 0.72, "class18_acc": 0.51, "class19_acc": 0.4, "class20_acc": 0.85, "class21_acc": 0.74, "class22_acc": 0.29, "class23_acc": 0.8, "class24_acc": 0.7, "class25_acc": 0.49, "class26_acc": 0.53, "class27_acc": 0.48, "class28_acc": 0.77, "class29_acc": 0.59, "class30_acc": 0.65, "class31_acc": 0.6, "class32_acc": 0.59, "class33_acc": 0.46, "class34_acc": 0.47, "class35_acc": 0.13, "class36_acc": 0.59, "class37_acc": 0.44, "class38_acc": 0.44, "class39_acc": 0.61, "class40_acc": 0.41, "class41_acc": 0.77, "class42_acc": 0.33, "class43_acc": 0.46, "class44_acc": 0.16, "class45_acc": 0.41, "class46_acc": 0.28, "class47_acc": 0.55, "class48_acc": 0.9, "class49_acc": 0.84, "class50_acc": 0.14, "class51_acc": 0.34, "class52_acc": 0.36, "class53_acc": 0.91, "class54_acc": 0.56, "class55_acc": 0.18, "class56_acc": 0.75, "class57_acc": 0.59, "class58_acc": 0.73, "class59_acc": 0.6, "class60_acc": 0.6, "class61_acc": 0.67, "class62_acc": 0.27, "class63_acc": 0.27, "class64_acc": 0.09, "class65_acc": 0.12, "class66_acc": 0.37, "class67_acc": 0.27, "class68_acc": 0.86, "class69_acc": 0.55, "class70_acc": 0.4, "class71_acc": 0.62, "class72_acc": 0.21, "class73_acc": 0.37, "class74_acc": 0.12, "class75_acc": 0.59, "class76_acc": 0.62, "class77_acc": 0.31, "class78_acc": 0.27, "class79_acc": 0.44, "class80_acc": 0.09, "class81_acc": 0.15, "class82_acc": 0.74, "class83_acc": 0.28, "class84_acc": 0.39, "class85_acc": 0.44, "class86_acc": 0.49, "class87_acc": 0.41, "class88_acc": 0.43, "class89_acc": 0.53, "class90_acc": 0.45, "class91_acc": 0.3, "class92_acc": 0.11, "class93_acc": 0.19, "class94_acc": 0.53, "class95_acc": 0.12, "class96_acc": 0.07, "class97_acc": 0.05, "class98_acc": 0.11, "class99_acc": 0.32}