{"Epoch": 92, "_timestamp": 1693269574.3013391, "_runtime": 2910.345272064209, "_step": 650, "validation top1 avg": 46.9, "many avg": 60.65714285714287, "med avg": 46.97058823529412, "few avg": 31.290322580645167, "best avg": 46.9, "class0_acc": 0.84, "class1_acc": 0.81, "class2_acc": 0.59, "class3_acc": 0.08, "class4_acc": 0.39, "class5_acc": 0.8, "class6_acc": 0.66, "class7_acc": 0.63, "class8_acc": 0.92, "class9_acc": 0.65, "class10_acc": 0.36, "class11_acc": 0.23, "class12_acc": 0.79, "class13_acc": 0.35, "class14_acc": 0.64, "class15_acc": 0.58, "class16_acc": 0.69, "class17_acc": 0.69, "class18_acc": 0.62, "class19_acc": 0.48, "class20_acc": 0.86, "class21_acc": 0.81, "class22_acc": 0.74, "class23_acc": 0.66, "class24_acc": 0.8, "class25_acc": 0.5, "class26_acc": 0.67, "class27_acc": 0.38, "class28_acc": 0.84, "class29_acc": 0.79, "class30_acc": 0.66, "class31_acc": 0.43, "class32_acc": 0.35, "class33_acc": 0.43, "class34_acc": 0.51, "class35_acc": 0.29, "class36_acc": 0.79, "class37_acc": 0.67, "class38_acc": 0.27, "class39_acc": 0.76, "class40_acc": 0.24, "class41_acc": 0.71, "class42_acc": 0.37, "class43_acc": 0.62, "class44_acc": 0.27, "class45_acc": 0.23, "class46_acc": 0.46, "class47_acc": 0.27, "class48_acc": 0.63, "class49_acc": 0.68, "class50_acc": 0.1, "class51_acc": 0.3, "class52_acc": 0.89, "class53_acc": 0.67, "class54_acc": 0.48, "class55_acc": 0.15, "class56_acc": 0.88, "class57_acc": 0.37, "class58_acc": 0.66, "class59_acc": 0.17, "class60_acc": 0.8, "class61_acc": 0.73, "class62_acc": 0.56, "class63_acc": 0.49, "class64_acc": 0.04, "class65_acc": 0.18, "class66_acc": 0.33, "class67_acc": 0.18, "class68_acc": 0.73, "class69_acc": 0.55, "class70_acc": 0.25, "class71_acc": 0.21, "class72_acc": 0.02, "class73_acc": 0.34, "class74_acc": 0.17, "class75_acc": 0.5, "class76_acc": 0.73, "class77_acc": 0.28, "class78_acc": 0.26, "class79_acc": 0.28, "class80_acc": 0.03, "class81_acc": 0.43, "class82_acc": 0.59, "class83_acc": 0.38, "class84_acc": 0.4, "class85_acc": 0.53, "class86_acc": 0.24, "class87_acc": 0.54, "class88_acc": 0.42, "class89_acc": 0.34, "class90_acc": 0.3, "class91_acc": 0.38, "class92_acc": 0.24, "class93_acc": 0.06, "class94_acc": 0.48, "class95_acc": 0.08, "class96_acc": 0.06, "class97_acc": 0.15, "class98_acc": 0.16, "class99_acc": 0.3}