{"Epoch": 199, "_timestamp": 1693231328.106882, "_runtime": 2944.0507411956787, "_step": 1399, "validation top1 avg": 84.87, "many avg": 84.42500000000001, "med avg": 86.65, "few avg": 0.0, "best avg": 84.99, "class0_acc": 0.858, "class1_acc": 0.956, "class2_acc": 0.829, "class3_acc": 0.7, "class4_acc": 0.851, "class5_acc": 0.751, "class6_acc": 0.942, "class7_acc": 0.867, "class8_acc": 0.867, "class9_acc": 0.866, "_wandb": {"runtime": 2943}}